"CubeId";"plkoprinfla"
"PublishingDate";"2024-08-21 09:00"

"Date";"D0";"Value"
"1983-12";"KGM";"2.73273012"
"1983-12";"K1";
"1983-12";"K2";
"1983-12";"TLK";"2.1"
"1984-01";"KGM";"2.69847287"
"1984-01";"K1";
"1984-01";"K2";
"1984-01";"TLK";"2.7"
"1984-02";"KGM";"2.75367369"
"1984-02";"K1";
"1984-02";"K2";
"1984-02";"TLK";"2.9"
"1984-03";"KGM";"2.78035254"
"1984-03";"K1";
"1984-03";"K2";
"1984-03";"TLK";"3.4"
"1984-04";"KGM";"2.7513675"
"1984-04";"K1";
"1984-04";"K2";
"1984-04";"TLK";"3.2"
"1984-05";"KGM";"2.47553049"
"1984-05";"K1";
"1984-05";"K2";
"1984-05";"TLK";"2.9"
"1984-06";"KGM";"2.40934121"
"1984-06";"K1";
"1984-06";"K2";
"1984-06";"TLK";"2.8"
"1984-07";"KGM";"2.27177865"
"1984-07";"K1";
"1984-07";"K2";
"1984-07";"TLK";"2.8"
"1984-08";"KGM";"2.33089005"
"1984-08";"K1";
"1984-08";"K2";
"1984-08";"TLK";"2.9"
"1984-09";"KGM";"2.4641601"
"1984-09";"K1";
"1984-09";"K2";
"1984-09";"TLK";"2.7"
"1984-10";"KGM";"2.63310267"
"1984-10";"K1";
"1984-10";"K2";
"1984-10";"TLK";"3.1"
"1984-11";"KGM";"2.62879185"
"1984-11";"K1";
"1984-11";"K2";
"1984-11";"TLK";"3"
"1984-12";"KGM";"2.64565406"
"1984-12";"K1";
"1984-12";"K2";
"1984-12";"TLK";"2.9"
"1985-01";"KGM";"2.70543333"
"1985-01";"K1";
"1985-01";"K2";
"1985-01";"TLK";"3.5"
"1985-02";"KGM";"2.95720669"
"1985-02";"K1";
"1985-02";"K2";
"1985-02";"TLK";"4"
"1985-03";"KGM";"3.18297684"
"1985-03";"K1";
"1985-03";"K2";
"1985-03";"TLK";"3.9"
"1985-04";"KGM";"3.19428696"
"1985-04";"K1";
"1985-04";"K2";
"1985-04";"TLK";"3.6"
"1985-05";"KGM";"3.60505512"
"1985-05";"K1";
"1985-05";"K2";
"1985-05";"TLK";"3.8"
"1985-06";"KGM";"3.51255982"
"1985-06";"K1";
"1985-06";"K2";
"1985-06";"TLK";"3.4"
"1985-07";"KGM";"3.58157089"
"1985-07";"K1";
"1985-07";"K2";
"1985-07";"TLK";"3.4"
"1985-08";"KGM";"3.48679247"
"1985-08";"K1";
"1985-08";"K2";
"1985-08";"TLK";"3"
"1985-09";"KGM";"3.55466286"
"1985-09";"K1";
"1985-09";"K2";
"1985-09";"TLK";"3.3"
"1985-10";"KGM";"3.38909437"
"1985-10";"K1";
"1985-10";"K2";
"1985-10";"TLK";"3"
"1985-11";"KGM";"3.56430215"
"1985-11";"K1";
"1985-11";"K2";
"1985-11";"TLK";"3.1"
"1985-12";"KGM";"3.61365281"
"1985-12";"K1";
"1985-12";"K2";
"1985-12";"TLK";"3.2"
"1986-01";"KGM";"3.39559101"
"1986-01";"K1";
"1986-01";"K2";
"1986-01";"TLK";"2.2"
"1986-02";"KGM";"3.18538835"
"1986-02";"K1";
"1986-02";"K2";
"1986-02";"TLK";"1.3"
"1986-03";"KGM";"3.10370267"
"1986-03";"K1";
"1986-03";"K2";
"1986-03";"TLK";"0.9"
"1986-04";"KGM";"3.12606449"
"1986-04";"K1";
"1986-04";"K2";
"1986-04";"TLK";"1"
"1986-05";"KGM";"2.94365489"
"1986-05";"K1";
"1986-05";"K2";
"1986-05";"TLK";"0.7"
"1986-06";"KGM";"2.96753923"
"1986-06";"K1";
"1986-06";"K2";
"1986-06";"TLK";"0.8"
"1986-07";"KGM";"2.99910075"
"1986-07";"K1";
"1986-07";"K2";
"1986-07";"TLK";"0.5"
"1986-08";"KGM";"3.03312173"
"1986-08";"K1";
"1986-08";"K2";
"1986-08";"TLK";"0.7"
"1986-09";"KGM";"2.91305816"
"1986-09";"K1";
"1986-09";"K2";
"1986-09";"TLK";"0.6"
"1986-10";"KGM";"2.93320602"
"1986-10";"K1";
"1986-10";"K2";
"1986-10";"TLK";"0.4"
"1986-11";"KGM";"2.73186388"
"1986-11";"K1";
"1986-11";"K2";
"1986-11";"TLK";"-0.1"
"1986-12";"KGM";"2.69412201"
"1986-12";"K1";
"1986-12";"K2";
"1986-12";"TLK";"0"
"1987-01";"KGM";"2.66045892"
"1987-01";"K1";
"1987-01";"K2";
"1987-01";"TLK";"0.7"
"1987-02";"KGM";"2.58133242"
"1987-02";"K1";
"1987-02";"K2";
"1987-02";"TLK";"1"
"1987-03";"KGM";"2.5264474"
"1987-03";"K1";
"1987-03";"K2";
"1987-03";"TLK";"1"
"1987-04";"KGM";"2.48374666"
"1987-04";"K1";
"1987-04";"K2";
"1987-04";"TLK";"1.2"
"1987-05";"KGM";"2.15331796"
"1987-05";"K1";
"1987-05";"K2";
"1987-05";"TLK";"0.9"
"1987-06";"KGM";"2.09415374"
"1987-06";"K1";
"1987-06";"K2";
"1987-06";"TLK";"1.3"
"1987-07";"KGM";"2.08753132"
"1987-07";"K1";
"1987-07";"K2";
"1987-07";"TLK";"1.8"
"1987-08";"KGM";"2.14419277"
"1987-08";"K1";
"1987-08";"K2";
"1987-08";"TLK";"2"
"1987-09";"KGM";"1.99281939"
"1987-09";"K1";
"1987-09";"K2";
"1987-09";"TLK";"1.6"
"1987-10";"KGM";"2.21119558"
"1987-10";"K1";
"1987-10";"K2";
"1987-10";"TLK";"2"
"1987-11";"KGM";"2.25061671"
"1987-11";"K1";
"1987-11";"K2";
"1987-11";"TLK";"2.1"
"1987-12";"KGM";"2.11586053"
"1987-12";"K1";
"1987-12";"K2";
"1987-12";"TLK";"1.9"
"1988-01";"KGM";"2.03997468"
"1988-01";"K1";
"1988-01";"K2";
"1988-01";"TLK";"1.6"
"1988-02";"KGM";"2.170514"
"1988-02";"K1";
"1988-02";"K2";
"1988-02";"TLK";"1.8"
"1988-03";"KGM";"2.17359208"
"1988-03";"K1";
"1988-03";"K2";
"1988-03";"TLK";"1.9"
"1988-04";"KGM";"2.2030368"
"1988-04";"K1";
"1988-04";"K2";
"1988-04";"TLK";"1.9"
"1988-05";"KGM";"2.51149897"
"1988-05";"K1";
"1988-05";"K2";
"1988-05";"TLK";"2.2"
"1988-06";"KGM";"2.49497811"
"1988-06";"K1";
"1988-06";"K2";
"1988-06";"TLK";"2.1"
"1988-07";"KGM";"2.51864948"
"1988-07";"K1";
"1988-07";"K2";
"1988-07";"TLK";"1.8"
"1988-08";"KGM";"2.48850042"
"1988-08";"K1";
"1988-08";"K2";
"1988-08";"TLK";"1.8"
"1988-09";"KGM";"2.4543228"
"1988-09";"K1";
"1988-09";"K2";
"1988-09";"TLK";"2"
"1988-10";"KGM";"2.32694057"
"1988-10";"K1";
"1988-10";"K2";
"1988-10";"TLK";"1.8"
"1988-11";"KGM";"2.29324895"
"1988-11";"K1";
"1988-11";"K2";
"1988-11";"TLK";"1.8"
"1988-12";"KGM";"2.30731459"
"1988-12";"K1";
"1988-12";"K2";
"1988-12";"TLK";"1.9"
"1989-01";"KGM";"2.43573951"
"1989-01";"K1";
"1989-01";"K2";
"1989-01";"TLK";"2.2"
"1989-02";"KGM";"2.45606958"
"1989-02";"K1";
"1989-02";"K2";
"1989-02";"TLK";"2.3"
"1989-03";"KGM";"2.51525687"
"1989-03";"K1";
"1989-03";"K2";
"1989-03";"TLK";"2.3"
"1989-04";"KGM";"2.59487684"
"1989-04";"K1";
"1989-04";"K2";
"1989-04";"TLK";"2.6"
"1989-05";"KGM";"2.78431996"
"1989-05";"K1";
"1989-05";"K2";
"1989-05";"TLK";"3"
"1989-06";"KGM";"2.84126099"
"1989-06";"K1";
"1989-06";"K2";
"1989-06";"TLK";"3"
"1989-07";"KGM";"2.85840253"
"1989-07";"K1";
"1989-07";"K2";
"1989-07";"TLK";"3"
"1989-08";"KGM";"2.94698524"
"1989-08";"K1";
"1989-08";"K2";
"1989-08";"TLK";"3"
"1989-09";"KGM";"3.1463576"
"1989-09";"K1";
"1989-09";"K2";
"1989-09";"TLK";"3.4"
"1989-10";"KGM";"3.13727554"
"1989-10";"K1";
"1989-10";"K2";
"1989-10";"TLK";"3.6"
"1989-11";"KGM";"4.45014945"
"1989-11";"K1";
"1989-11";"K2";
"1989-11";"TLK";"4.4"
"1989-12";"KGM";"4.54645695"
"1989-12";"K1";
"1989-12";"K2";
"1989-12";"TLK";"5"
"1990-01";"KGM";"4.90915903"
"1990-01";"K1";
"1990-01";"K2";
"1990-01";"TLK";"5.1"
"1990-02";"KGM";"5.05015181"
"1990-02";"K1";
"1990-02";"K2";
"1990-02";"TLK";"4.9"
"1990-03";"KGM";"5.18160971"
"1990-03";"K1";
"1990-03";"K2";
"1990-03";"TLK";"5"
"1990-04";"KGM";"4.93664894"
"1990-04";"K1";
"1990-04";"K2";
"1990-04";"TLK";"4.6"
"1990-05";"KGM";"5.60799808"
"1990-05";"K1";
"1990-05";"K2";
"1990-05";"TLK";"5.1"
"1990-06";"KGM";"5.6313806"
"1990-06";"K1";
"1990-06";"K2";
"1990-06";"TLK";"5"
"1990-07";"KGM";"5.91097307"
"1990-07";"K1";
"1990-07";"K2";
"1990-07";"TLK";"5.3"
"1990-08";"KGM";"6.24632463"
"1990-08";"K1";
"1990-08";"K2";
"1990-08";"TLK";"6.1"
"1990-09";"KGM";"6.31876771"
"1990-09";"K1";
"1990-09";"K2";
"1990-09";"TLK";"6.1"
"1990-10";"KGM";"6.30808709"
"1990-10";"K1";
"1990-10";"K2";
"1990-10";"TLK";"6.4"
"1990-11";"KGM";"6.44286133"
"1990-11";"K1";
"1990-11";"K2";
"1990-11";"TLK";"6.1"
"1990-12";"KGM";"6.14183133"
"1990-12";"K1";
"1990-12";"K2";
"1990-12";"TLK";"5.3"
"1991-01";"KGM";"6.01642528"
"1991-01";"K1";
"1991-01";"K2";
"1991-01";"TLK";"5.5"
"1991-02";"KGM";"6.14981355"
"1991-02";"K1";
"1991-02";"K2";
"1991-02";"TLK";"6.2"
"1991-03";"KGM";"6.09989306"
"1991-03";"K1";
"1991-03";"K2";
"1991-03";"TLK";"5.9"
"1991-04";"KGM";"6.44473902"
"1991-04";"K1";
"1991-04";"K2";
"1991-04";"TLK";"5.9"
"1991-05";"KGM";"7.04168602"
"1991-05";"K1";
"1991-05";"K2";
"1991-05";"TLK";"6.3"
"1991-06";"KGM";"7.12678757"
"1991-06";"K1";
"1991-06";"K2";
"1991-06";"TLK";"6.6"
"1991-07";"KGM";"7.18800012"
"1991-07";"K1";
"1991-07";"K2";
"1991-07";"TLK";"6.6"
"1991-08";"KGM";"6.88173033"
"1991-08";"K1";
"1991-08";"K2";
"1991-08";"TLK";"6"
"1991-09";"KGM";"6.83242465"
"1991-09";"K1";
"1991-09";"K2";
"1991-09";"TLK";"5.7"
"1991-10";"KGM";"6.80586998"
"1991-10";"K1";
"1991-10";"K2";
"1991-10";"TLK";"5.1"
"1991-11";"KGM";"6.19473233"
"1991-11";"K1";
"1991-11";"K2";
"1991-11";"TLK";"5.5"
"1991-12";"KGM";"6.02051296"
"1991-12";"K1";
"1991-12";"K2";
"1991-12";"TLK";"5.2"
"1992-01";"KGM";"5.8214867"
"1992-01";"K1";
"1992-01";"K2";
"1992-01";"TLK";"4.9"
"1992-02";"KGM";"5.70559695"
"1992-02";"K1";
"1992-02";"K2";
"1992-02";"TLK";"4.6"
"1992-03";"KGM";"5.62974704"
"1992-03";"K1";
"1992-03";"K2";
"1992-03";"TLK";"4.9"
"1992-04";"KGM";"5.58608186"
"1992-04";"K1";
"1992-04";"K2";
"1992-04";"TLK";"4.8"
"1992-05";"KGM";"4.74674501"
"1992-05";"K1";
"1992-05";"K2";
"1992-05";"TLK";"4.2"
"1992-06";"KGM";"4.72717276"
"1992-06";"K1";
"1992-06";"K2";
"1992-06";"TLK";"4.2"
"1992-07";"KGM";"4.59677199"
"1992-07";"K1";
"1992-07";"K2";
"1992-07";"TLK";"3.8"
"1992-08";"KGM";"4.46990018"
"1992-08";"K1";
"1992-08";"K2";
"1992-08";"TLK";"3.6"
"1992-09";"KGM";"4.41589388"
"1992-09";"K1";
"1992-09";"K2";
"1992-09";"TLK";"3.5"
"1992-10";"KGM";"4.35630822"
"1992-10";"K1";
"1992-10";"K2";
"1992-10";"TLK";"3.5"
"1992-11";"KGM";"4.20094015"
"1992-11";"K1";
"1992-11";"K2";
"1992-11";"TLK";"3.3"
"1992-12";"KGM";"4.21246243"
"1992-12";"K1";
"1992-12";"K2";
"1992-12";"TLK";"3.4"
"1993-01";"KGM";"4.04705392"
"1993-01";"K1";
"1993-01";"K2";
"1993-01";"TLK";"3.5"
"1993-02";"KGM";"3.83825022"
"1993-02";"K1";
"1993-02";"K2";
"1993-02";"TLK";"3.4"
"1993-03";"KGM";"3.9536858"
"1993-03";"K1";
"1993-03";"K2";
"1993-03";"TLK";"3.6"
"1993-04";"KGM";"3.87858159"
"1993-04";"K1";
"1993-04";"K2";
"1993-04";"TLK";"3.8"
"1993-05";"KGM";"3.60309711"
"1993-05";"K1";
"1993-05";"K2";
"1993-05";"TLK";"3.6"
"1993-06";"KGM";"3.38315323"
"1993-06";"K1";
"1993-06";"K2";
"1993-06";"TLK";"3.1"
"1993-07";"KGM";"3.38691503"
"1993-07";"K1";
"1993-07";"K2";
"1993-07";"TLK";"3.4"
"1993-08";"KGM";"3.48386848"
"1993-08";"K1";
"1993-08";"K2";
"1993-08";"TLK";"3.6"
"1993-09";"KGM";"3.33505385"
"1993-09";"K1";
"1993-09";"K2";
"1993-09";"TLK";"3.4"
"1993-10";"KGM";"3.31571071"
"1993-10";"K1";
"1993-10";"K2";
"1993-10";"TLK";"3.4"
"1993-11";"KGM";"1.9078462"
"1993-11";"K1";
"1993-11";"K2";
"1993-11";"TLK";"2.2"
"1993-12";"KGM";"1.88991029"
"1993-12";"K1";
"1993-12";"K2";
"1993-12";"TLK";"2.5"
"1994-01";"KGM";"1.77048283"
"1994-01";"K1";
"1994-01";"K2";
"1994-01";"TLK";"2.1"
"1994-02";"KGM";"2.08757198"
"1994-02";"K1";
"1994-02";"K2";
"1994-02";"TLK";"1.8"
"1994-03";"KGM";"1.90995042"
"1994-03";"K1";
"1994-03";"K2";
"1994-03";"TLK";"1.3"
"1994-04";"KGM";"1.76577117"
"1994-04";"K1";
"1994-04";"K2";
"1994-04";"TLK";"1"
"1994-05";"KGM";"0.39208546"
"1994-05";"K1";
"1994-05";"K2";
"1994-05";"TLK";"0.4"
"1994-06";"KGM";"0.48209197"
"1994-06";"K1";
"1994-06";"K2";
"1994-06";"TLK";"0.5"
"1994-07";"KGM";"0.45418635"
"1994-07";"K1";
"1994-07";"K2";
"1994-07";"TLK";"0.6"
"1994-08";"KGM";"0.39080903"
"1994-08";"K1";
"1994-08";"K2";
"1994-08";"TLK";"0.5"
"1994-09";"KGM";"0.39307632"
"1994-09";"K1";
"1994-09";"K2";
"1994-09";"TLK";"0.6"
"1994-10";"KGM";"0.30958568"
"1994-10";"K1";
"1994-10";"K2";
"1994-10";"TLK";"0.4"
"1994-11";"KGM";"0.67195822"
"1994-11";"K1";
"1994-11";"K2";
"1994-11";"TLK";"0.6"
"1994-12";"KGM";"0.64043347"
"1994-12";"K1";
"1994-12";"K2";
"1994-12";"TLK";"0.4"
"1995-01";"KGM";"0.74489309"
"1995-01";"K1";
"1995-01";"K2";
"1995-01";"TLK";"1"
"1995-02";"KGM";"0.77824777"
"1995-02";"K1";
"1995-02";"K2";
"1995-02";"TLK";"1.5"
"1995-03";"KGM";"0.88658647"
"1995-03";"K1";
"1995-03";"K2";
"1995-03";"TLK";"1.6"
"1995-04";"KGM";"0.8940723"
"1995-04";"K1";
"1995-04";"K2";
"1995-04";"TLK";"1.6"
"1995-05";"KGM";"1.63992071"
"1995-05";"K1";
"1995-05";"K2";
"1995-05";"TLK";"2"
"1995-06";"KGM";"1.67901471"
"1995-06";"K1";
"1995-06";"K2";
"1995-06";"TLK";"2.1"
"1995-07";"KGM";"1.66087524"
"1995-07";"K1";
"1995-07";"K2";
"1995-07";"TLK";"2"
"1995-08";"KGM";"1.72642553"
"1995-08";"K1";
"1995-08";"K2";
"1995-08";"TLK";"2"
"1995-09";"KGM";"1.7720941"
"1995-09";"K1";
"1995-09";"K2";
"1995-09";"TLK";"2"
"1995-10";"KGM";"1.69683912"
"1995-10";"K1";
"1995-10";"K2";
"1995-10";"TLK";"2"
"1995-11";"KGM";"1.72474928"
"1995-11";"K1";
"1995-11";"K2";
"1995-11";"TLK";"1.9"
"1995-12";"KGM";"1.74492598"
"1995-12";"K1";
"1995-12";"K2";
"1995-12";"TLK";"1.9"
"1996-01";"KGM";"1.43040068"
"1996-01";"K1";
"1996-01";"K2";
"1996-01";"TLK";"1.5"
"1996-02";"KGM";"0.99309685"
"1996-02";"K1";
"1996-02";"K2";
"1996-02";"TLK";"0.8"
"1996-03";"KGM";"0.89847593"
"1996-03";"K1";
"1996-03";"K2";
"1996-03";"TLK";"0.9"
"1996-04";"KGM";"0.9737223"
"1996-04";"K1";
"1996-04";"K2";
"1996-04";"TLK";"0.9"
"1996-05";"KGM";"0.74462235"
"1996-05";"K1";
"1996-05";"K2";
"1996-05";"TLK";"0.7"
"1996-06";"KGM";"0.6660871"
"1996-06";"K1";
"1996-06";"K2";
"1996-06";"TLK";"0.7"
"1996-07";"KGM";"0.62764793"
"1996-07";"K1";
"1996-07";"K2";
"1996-07";"TLK";"0.7"
"1996-08";"KGM";"0.56857672"
"1996-08";"K1";
"1996-08";"K2";
"1996-08";"TLK";"0.6"
"1996-09";"KGM";"0.55186477"
"1996-09";"K1";
"1996-09";"K2";
"1996-09";"TLK";"0.6"
"1996-10";"KGM";"0.51181165"
"1996-10";"K1";
"1996-10";"K2";
"1996-10";"TLK";"0.8"
"1996-11";"KGM";"0.46927335"
"1996-11";"K1";
"1996-11";"K2";
"1996-11";"TLK";"0.7"
"1996-12";"KGM";"0.44947911"
"1996-12";"K1";
"1996-12";"K2";
"1996-12";"TLK";"0.8"
"1997-01";"KGM";"0.50022838"
"1997-01";"K1";
"1997-01";"K2";
"1997-01";"TLK";"0.8"
"1997-02";"KGM";"0.52855698"
"1997-02";"K1";
"1997-02";"K2";
"1997-02";"TLK";"0.8"
"1997-03";"KGM";"0.52172705"
"1997-03";"K1";
"1997-03";"K2";
"1997-03";"TLK";"0.5"
"1997-04";"KGM";"0.55224822"
"1997-04";"K1";
"1997-04";"K2";
"1997-04";"TLK";"0.5"
"1997-05";"KGM";"0.48119753"
"1997-05";"K1";
"1997-05";"K2";
"1997-05";"TLK";"0.6"
"1997-06";"KGM";"0.44233684"
"1997-06";"K1";
"1997-06";"K2";
"1997-06";"TLK";"0.5"
"1997-07";"KGM";"0.41830375"
"1997-07";"K1";
"1997-07";"K2";
"1997-07";"TLK";"0.5"
"1997-08";"KGM";"0.37591212"
"1997-08";"K1";
"1997-08";"K2";
"1997-08";"TLK";"0.5"
"1997-09";"KGM";"0.37489352"
"1997-09";"K1";
"1997-09";"K2";
"1997-09";"TLK";"0.4"
"1997-10";"KGM";"0.37903049"
"1997-10";"K1";
"1997-10";"K2";
"1997-10";"TLK";"0.3"
"1997-11";"KGM";"0.34615355"
"1997-11";"K1";
"1997-11";"K2";
"1997-11";"TLK";"0.4"
"1997-12";"KGM";"0.34484005"
"1997-12";"K1";
"1997-12";"K2";
"1997-12";"TLK";"0.4"
"1998-01";"KGM";"0.25832119"
"1998-01";"K1";
"1998-01";"K2";
"1998-01";"TLK";"0"
"1998-02";"KGM";"0.2371416"
"1998-02";"K1";
"1998-02";"K2";
"1998-02";"TLK";"0"
"1998-03";"KGM";"0.23483724"
"1998-03";"K1";
"1998-03";"K2";
"1998-03";"TLK";"0"
"1998-04";"KGM";"0.23086513"
"1998-04";"K1";
"1998-04";"K2";
"1998-04";"TLK";"0"
"1998-05";"KGM";"0.32170799"
"1998-05";"K1";
"1998-05";"K2";
"1998-05";"TLK";"0.1"
"1998-06";"KGM";"0.35798564"
"1998-06";"K1";
"1998-06";"K2";
"1998-06";"TLK";"0.1"
"1998-07";"KGM";"0.35420378"
"1998-07";"K1";
"1998-07";"K2";
"1998-07";"TLK";"0.1"
"1998-08";"KGM";"0.35454828"
"1998-08";"K1";
"1998-08";"K2";
"1998-08";"TLK";"0.1"
"1998-09";"KGM";"0.33115855"
"1998-09";"K1";
"1998-09";"K2";
"1998-09";"TLK";"0.1"
"1998-10";"KGM";"0.37432715"
"1998-10";"K1";
"1998-10";"K2";
"1998-10";"TLK";"0"
"1998-11";"KGM";"0.39395717"
"1998-11";"K1";
"1998-11";"K2";
"1998-11";"TLK";"-0.1"
"1998-12";"KGM";"0.35639082"
"1998-12";"K1";
"1998-12";"K2";
"1998-12";"TLK";"-0.2"
"1999-01";"KGM";"0.43611166"
"1999-01";"K1";
"1999-01";"K2";
"1999-01";"TLK";"0.1"
"1999-02";"KGM";"0.63035994"
"1999-02";"K1";
"1999-02";"K2";
"1999-02";"TLK";"0.3"
"1999-03";"KGM";"0.66890944"
"1999-03";"K1";
"1999-03";"K2";
"1999-03";"TLK";"0.5"
"1999-04";"KGM";"0.69764316"
"1999-04";"K1";
"1999-04";"K2";
"1999-04";"TLK";"0.6"
"1999-05";"KGM";"0.7430408"
"1999-05";"K1";
"1999-05";"K2";
"1999-05";"TLK";"0.6"
"1999-06";"KGM";"0.7894381"
"1999-06";"K1";
"1999-06";"K2";
"1999-06";"TLK";"0.6"
"1999-07";"KGM";"0.81749122"
"1999-07";"K1";
"1999-07";"K2";
"1999-07";"TLK";"0.7"
"1999-08";"KGM";"0.97521074"
"1999-08";"K1";
"1999-08";"K2";
"1999-08";"TLK";"0.9"
"1999-09";"KGM";"1.07422854"
"1999-09";"K1";
"1999-09";"K2";
"1999-09";"TLK";"1.2"
"1999-10";"KGM";"1.08063815"
"1999-10";"K1";
"1999-10";"K2";
"1999-10";"TLK";"1.2"
"1999-11";"KGM";"1.10803167"
"1999-11";"K1";
"1999-11";"K2";
"1999-11";"TLK";"1.3"
"1999-12";"KGM";"1.14343811"
"1999-12";"K1";
"1999-12";"K2";
"1999-12";"TLK";"1.7"
"2000-01";"KGM";"1.03990829"
"2000-01";"K1";
"2000-01";"K2";
"2000-01";"TLK";"1.6"
"2000-02";"KGM";"0.96660364"
"2000-02";"K1";
"2000-02";"K2";
"2000-02";"TLK";"1.6"
"2000-03";"KGM";"0.91764171"
"2000-03";"K1";
"2000-03";"K2";
"2000-03";"TLK";"1.5"
"2000-04";"KGM";"0.9213642"
"2000-04";"K1";
"2000-04";"K2";
"2000-04";"TLK";"1.4"
"2000-05";"KGM";"1.07508964"
"2000-05";"K1";
"2000-05";"K2";
"2000-05";"TLK";"1.6"
"2000-06";"KGM";"1.06732089"
"2000-06";"K1";
"2000-06";"K2";
"2000-06";"TLK";"1.8"
"2000-07";"KGM";"1.082322"
"2000-07";"K1";
"2000-07";"K2";
"2000-07";"TLK";"1.9"
"2000-08";"KGM";"0.84159035"
"2000-08";"K1";
"2000-08";"K2";
"2000-08";"TLK";"1.1"
"2000-09";"KGM";"0.78024146"
"2000-09";"K1";
"2000-09";"K2";
"2000-09";"TLK";"1.4"
"2000-10";"KGM";"0.80877264"
"2000-10";"K1";
"2000-10";"K2";
"2000-10";"TLK";"1.3"
"2000-11";"KGM";"1.37770467"
"2000-11";"K1";
"2000-11";"K2";
"2000-11";"TLK";"1.9"
"2000-12";"KGM";"1.37432217"
"2000-12";"K1";
"2000-12";"K2";
"2000-12";"TLK";"1.5"
"2001-01";"KGM";"1.41961023"
"2001-01";"K1";
"2001-01";"K2";
"2001-01";"TLK";"1.3"
"2001-02";"KGM";"1.47242329"
"2001-02";"K1";
"2001-02";"K2";
"2001-02";"TLK";"0.8"
"2001-03";"KGM";"1.29176566"
"2001-03";"K1";
"2001-03";"K2";
"2001-03";"TLK";"1"
"2001-04";"KGM";"1.52589215"
"2001-04";"K1";
"2001-04";"K2";
"2001-04";"TLK";"1.2"
"2001-05";"KGM";"1.78415834"
"2001-05";"K1";"1.4"
"2001-05";"K2";"1.6"
"2001-05";"TLK";"1.8"
"2001-06";"KGM";"1.70420341"
"2001-06";"K1";"1.4"
"2001-06";"K2";"1.6"
"2001-06";"TLK";"1.6"
"2001-07";"KGM";"1.64484144"
"2001-07";"K1";"1.4"
"2001-07";"K2";"1.6"
"2001-07";"TLK";"1.4"
"2001-08";"KGM";"1.57261682"
"2001-08";"K1";"0.9"
"2001-08";"K2";"1"
"2001-08";"TLK";"1.1"
"2001-09";"KGM";"1.69545946"
"2001-09";"K1";"1"
"2001-09";"K2";"1"
"2001-09";"TLK";"0.7"
"2001-10";"KGM";"1.69001685"
"2001-10";"K1";"1"
"2001-10";"K2";"1.1"
"2001-10";"TLK";"0.6"
"2001-11";"KGM";"1.32302227"
"2001-11";"K1";"1"
"2001-11";"K2";"1.2"
"2001-11";"TLK";"0.3"
"2001-12";"KGM";"1.36604209"
"2001-12";"K1";"1.1"
"2001-12";"K2";"1.2"
"2001-12";"TLK";"0.3"
"2002-01";"KGM";"1.30919666"
"2002-01";"K1";"0.6"
"2002-01";"K2";"0.5"
"2002-01";"TLK";"0.5"
"2002-02";"KGM";"1.17486323"
"2002-02";"K1";"0.8"
"2002-02";"K2";"0.8"
"2002-02";"TLK";"0.7"
"2002-03";"KGM";"1.13928096"
"2002-03";"K1";"0.7"
"2002-03";"K2";"0.7"
"2002-03";"TLK";"0.5"
"2002-04";"KGM";"1.27917437"
"2002-04";"K1";"1.3"
"2002-04";"K2";"1.4"
"2002-04";"TLK";"1.1"
"2002-05";"KGM";"1.08325885"
"2002-05";"K1";"1.1"
"2002-05";"K2";"1.1"
"2002-05";"TLK";"0.6"
"2002-06";"KGM";"0.93138531"
"2002-06";"K1";"0.9"
"2002-06";"K2";"0.9"
"2002-06";"TLK";"0.3"
"2002-07";"KGM";"0.91536932"
"2002-07";"K1";"0.3"
"2002-07";"K2";"0.1"
"2002-07";"TLK";"-0.1"
"2002-08";"KGM";"0.89083"
"2002-08";"K1";"0.8"
"2002-08";"K2";"0.7"
"2002-08";"TLK";"0.5"
"2002-09";"KGM";"0.91541259"
"2002-09";"K1";"0.8"
"2002-09";"K2";"0.7"
"2002-09";"TLK";"0.5"
"2002-10";"KGM";"1.02486771"
"2002-10";"K1";"1.5"
"2002-10";"K2";"1.6"
"2002-10";"TLK";"1.2"
"2002-11";"KGM";"0.93509608"
"2002-11";"K1";"0.9"
"2002-11";"K2";"0.9"
"2002-11";"TLK";"0.9"
"2002-12";"KGM";"0.85945067"
"2002-12";"K1";"0.9"
"2002-12";"K2";"0.9"
"2002-12";"TLK";"0.9"
"2003-01";"KGM";"0.89182666"
"2003-01";"K1";"0.7"
"2003-01";"K2";"0.5"
"2003-01";"TLK";"0.8"
"2003-02";"KGM";"0.8334608"
"2003-02";"K1";"0.7"
"2003-02";"K2";"0.5"
"2003-02";"TLK";"0.9"
"2003-03";"KGM";"0.90529525"
"2003-03";"K1";"0.7"
"2003-03";"K2";"0.5"
"2003-03";"TLK";"1.3"
"2003-04";"KGM";"0.74823692"
"2003-04";"K1";"0.7"
"2003-04";"K2";"0.5"
"2003-04";"TLK";"0.7"
"2003-05";"KGM";"0.5571915"
"2003-05";"K1";"0.6"
"2003-05";"K2";"0.5"
"2003-05";"TLK";"0.4"
"2003-06";"KGM";"0.57062323"
"2003-06";"K1";"0.6"
"2003-06";"K2";"0.5"
"2003-06";"TLK";"0.5"
"2003-07";"KGM";"0.5253916"
"2003-07";"K1";"0.4"
"2003-07";"K2";"0.2"
"2003-07";"TLK";"0.3"
"2003-08";"KGM";"0.65832769"
"2003-08";"K1";"0.5"
"2003-08";"K2";"0.3"
"2003-08";"TLK";"0.5"
"2003-09";"KGM";"0.6512358"
"2003-09";"K1";"0.5"
"2003-09";"K2";"0.3"
"2003-09";"TLK";"0.5"
"2003-10";"KGM";"0.58357333"
"2003-10";"K1";"0.4"
"2003-10";"K2";"0.2"
"2003-10";"TLK";"0.5"
"2003-11";"KGM";"0.60697221"
"2003-11";"K1";"0.5"
"2003-11";"K2";"0.3"
"2003-11";"TLK";"0.5"
"2003-12";"KGM";"0.68560472"
"2003-12";"K1";"0.5"
"2003-12";"K2";"0.3"
"2003-12";"TLK";"0.6"
"2004-01";"KGM";"0.44590485"
"2004-01";"K1";"0.3"
"2004-01";"K2";"0.2"
"2004-01";"TLK";"0.2"
"2004-02";"KGM";"0.51997515"
"2004-02";"K1";"0.4"
"2004-02";"K2";"0.2"
"2004-02";"TLK";"0.1"
"2004-03";"KGM";"0.46258978"
"2004-03";"K1";"0.4"
"2004-03";"K2";"0.2"
"2004-03";"TLK";"-0.1"
"2004-04";"KGM";"0.70994836"
"2004-04";"K1";"0.6"
"2004-04";"K2";"0.4"
"2004-04";"TLK";"0.5"
"2004-05";"KGM";"0.76413075"
"2004-05";"K1";"0.6"
"2004-05";"K2";"0.4"
"2004-05";"TLK";"0.9"
"2004-06";"KGM";"0.77618764"
"2004-06";"K1";"0.6"
"2004-06";"K2";"0.4"
"2004-06";"TLK";"1.1"
"2004-07";"KGM";"0.73317931"
"2004-07";"K1";"0.5"
"2004-07";"K2";"0.3"
"2004-07";"TLK";"0.9"
"2004-08";"KGM";"0.85862897"
"2004-08";"K1";"0.6"
"2004-08";"K2";"0.4"
"2004-08";"TLK";"1"
"2004-09";"KGM";"0.86879079"
"2004-09";"K1";"0.6"
"2004-09";"K2";"0.4"
"2004-09";"TLK";"0.9"
"2004-10";"KGM";"0.96639006"
"2004-10";"K1";"0.7"
"2004-10";"K2";"0.6"
"2004-10";"TLK";"1.3"
"2004-11";"KGM";"1.11364064"
"2004-11";"K1";"0.9"
"2004-11";"K2";"0.8"
"2004-11";"TLK";"1.5"
"2004-12";"KGM";"1.10112036"
"2004-12";"K1";"0.9"
"2004-12";"K2";"0.7"
"2004-12";"TLK";"1.3"
"2005-01";"KGM";"1.10179813"
"2005-01";"K1";"1"
"2005-01";"K2";"0.9"
"2005-01";"TLK";"1.2"
"2005-02";"KGM";"1.00205732"
"2005-02";"K1";"0.9"
"2005-02";"K2";"0.8"
"2005-02";"TLK";"1.4"
"2005-03";"KGM";"0.94578647"
"2005-03";"K1";"0.9"
"2005-03";"K2";"0.8"
"2005-03";"TLK";"1.4"
"2005-04";"KGM";"0.87794615"
"2005-04";"K1";"0.7"
"2005-04";"K2";"0.6"
"2005-04";"TLK";"1.4"
"2005-05";"KGM";"0.83259457"
"2005-05";"K1";"0.7"
"2005-05";"K2";"0.6"
"2005-05";"TLK";"1.1"
"2005-06";"KGM";"0.74145829"
"2005-06";"K1";"0.4"
"2005-06";"K2";"0.2"
"2005-06";"TLK";"0.7"
"2005-07";"KGM";"0.79838005"
"2005-07";"K1";"0.4"
"2005-07";"K2";"0.2"
"2005-07";"TLK";"1.2"
"2005-08";"KGM";"0.64585556"
"2005-08";"K1";"0.2"
"2005-08";"K2";"0"
"2005-08";"TLK";"1"
"2005-09";"KGM";"0.64405333"
"2005-09";"K1";"0.2"
"2005-09";"K2";"-0.1"
"2005-09";"TLK";"1.4"
"2005-10";"KGM";"0.60675468"
"2005-10";"K1";"0.2"
"2005-10";"K2";"0.1"
"2005-10";"TLK";"1.3"
"2005-11";"KGM";"0.59318157"
"2005-11";"K1";"0.1"
"2005-11";"K2";"0"
"2005-11";"TLK";"1"
"2005-12";"KGM";"0.57270181"
"2005-12";"K1";"0.2"
"2005-12";"K2";"0"
"2005-12";"TLK";"1"
"2006-01";"KGM";"0.58498262"
"2006-01";"K1";"0.1"
"2006-01";"K2";"-0.1"
"2006-01";"TLK";"1.3"
"2006-02";"KGM";"0.78822731"
"2006-02";"K1";"0.3"
"2006-02";"K2";"0.2"
"2006-02";"TLK";"1.4"
"2006-03";"KGM";"0.85554094"
"2006-03";"K1";"0.3"
"2006-03";"K2";"0.2"
"2006-03";"TLK";"1"
"2006-04";"KGM";"0.98699616"
"2006-04";"K1";"0.3"
"2006-04";"K2";"0.2"
"2006-04";"TLK";"1.1"
"2006-05";"KGM";"1.09699322"
"2006-05";"K1";"0.3"
"2006-05";"K2";"0.2"
"2006-05";"TLK";"1.4"
"2006-06";"KGM";"1.07368267"
"2006-06";"K1";"0.5"
"2006-06";"K2";"0.5"
"2006-06";"TLK";"1.6"
"2006-07";"KGM";"1.16907971"
"2006-07";"K1";"0.6"
"2006-07";"K2";"0.7"
"2006-07";"TLK";"1.4"
"2006-08";"KGM";"1.16786099"
"2006-08";"K1";"0.6"
"2006-08";"K2";"0.8"
"2006-08";"TLK";"1.5"
"2006-09";"KGM";"0.98830041"
"2006-09";"K1";"0.6"
"2006-09";"K2";"0.8"
"2006-09";"TLK";"0.8"
"2006-10";"KGM";"0.9002333"
"2006-10";"K1";"0.6"
"2006-10";"K2";"0.7"
"2006-10";"TLK";"0.3"
"2006-11";"KGM";"0.88770519"
"2006-11";"K1";"0.6"
"2006-11";"K2";"0.7"
"2006-11";"TLK";"0.5"
"2006-12";"KGM";"0.91842213"
"2006-12";"K1";"0.6"
"2006-12";"K2";"0.8"
"2006-12";"TLK";"0.6"
"2007-01";"KGM";"0.8037689"
"2007-01";"K1";"0.2"
"2007-01";"K2";"0.4"
"2007-01";"TLK";"0.1"
"2007-02";"KGM";"0.78734437"
"2007-02";"K1";"0.2"
"2007-02";"K2";"0.4"
"2007-02";"TLK";"0"
"2007-03";"KGM";"0.91168648"
"2007-03";"K1";"0.2"
"2007-03";"K2";"0.4"
"2007-03";"TLK";"0.2"
"2007-04";"KGM";"0.87144287"
"2007-04";"K1";"0.4"
"2007-04";"K2";"0.6"
"2007-04";"TLK";"0.5"
"2007-05";"KGM";"0.95945286"
"2007-05";"K1";"0.5"
"2007-05";"K2";"0.7"
"2007-05";"TLK";"0.5"
"2007-06";"KGM";"1.0330423"
"2007-06";"K1";"0.5"
"2007-06";"K2";"0.8"
"2007-06";"TLK";"0.6"
"2007-07";"KGM";"0.97721765"
"2007-07";"K1";"0.7"
"2007-07";"K2";"0.9"
"2007-07";"TLK";"0.7"
"2007-08";"KGM";"0.7927793"
"2007-08";"K1";"0.7"
"2007-08";"K2";"0.8"
"2007-08";"TLK";"0.4"
"2007-09";"KGM";"0.95375054"
"2007-09";"K1";"0.7"
"2007-09";"K2";"0.8"
"2007-09";"TLK";"0.7"
"2007-10";"KGM";"1.10393639"
"2007-10";"K1";"0.8"
"2007-10";"K2";"0.9"
"2007-10";"TLK";"1.3"
"2007-11";"KGM";"1.15903654"
"2007-11";"K1";"0.8"
"2007-11";"K2";"1"
"2007-11";"TLK";"1.8"
"2007-12";"KGM";"1.23596492"
"2007-12";"K1";"0.9"
"2007-12";"K2";"1.1"
"2007-12";"TLK";"2"
"2008-01";"KGM";"1.47605581"
"2008-01";"K1";"1.2"
"2008-01";"K2";"1.5"
"2008-01";"TLK";"2.4"
"2008-02";"KGM";"1.52493324"
"2008-02";"K1";"1.3"
"2008-02";"K2";"1.6"
"2008-02";"TLK";"2.4"
"2008-03";"KGM";"1.6302155"
"2008-03";"K1";"1.5"
"2008-03";"K2";"1.8"
"2008-03";"TLK";"2.6"
"2008-04";"KGM";"1.60373069"
"2008-04";"K1";"1.4"
"2008-04";"K2";"1.7"
"2008-04";"TLK";"2.3"
"2008-05";"KGM";"1.76804854"
"2008-05";"K1";"1.6"
"2008-05";"K2";"1.9"
"2008-05";"TLK";"2.9"
"2008-06";"KGM";"1.72698117"
"2008-06";"K1";"1.3"
"2008-06";"K2";"1.8"
"2008-06";"TLK";"2.9"
"2008-07";"KGM";"1.84447986"
"2008-07";"K1";"1.4"
"2008-07";"K2";"1.9"
"2008-07";"TLK";"3.1"
"2008-08";"KGM";"2.02889267"
"2008-08";"K1";"1.7"
"2008-08";"K2";"2.2"
"2008-08";"TLK";"2.9"
"2008-09";"KGM";"2.13479924"
"2008-09";"K1";"1.9"
"2008-09";"K2";"2.5"
"2008-09";"TLK";"2.9"
"2008-10";"KGM";"2.11799701"
"2008-10";"K1";"1.8"
"2008-10";"K2";"2.2"
"2008-10";"TLK";"2.6"
"2008-11";"KGM";"1.81292527"
"2008-11";"K1";"1.7"
"2008-11";"K2";"2.1"
"2008-11";"TLK";"1.5"
"2008-12";"KGM";"1.72174678"
"2008-12";"K1";"1.6"
"2008-12";"K2";"2"
"2008-12";"TLK";"0.7"
"2009-01";"KGM";"1.6454962"
"2009-01";"K1";"1.4"
"2009-01";"K2";"1.8"
"2009-01";"TLK";"0.1"
"2009-02";"KGM";"1.62550787"
"2009-02";"K1";"1.3"
"2009-02";"K2";"1.7"
"2009-02";"TLK";"0.2"
"2009-03";"KGM";"1.47117094"
"2009-03";"K1";"1.2"
"2009-03";"K2";"1.5"
"2009-03";"TLK";"-0.4"
"2009-04";"KGM";"1.40468272"
"2009-04";"K1";"1.2"
"2009-04";"K2";"1.5"
"2009-04";"TLK";"-0.3"
"2009-05";"KGM";"1.21782849"
"2009-05";"K1";"0.9"
"2009-05";"K2";"1.2"
"2009-05";"TLK";"-1"
"2009-06";"KGM";"1.1320253"
"2009-06";"K1";"0.9"
"2009-06";"K2";"1.1"
"2009-06";"TLK";"-1"
"2009-07";"KGM";"1.2503995"
"2009-07";"K1";"0.9"
"2009-07";"K2";"1"
"2009-07";"TLK";"-1.2"
"2009-08";"KGM";"1.00004341"
"2009-08";"K1";"0.7"
"2009-08";"K2";"0.7"
"2009-08";"TLK";"-0.8"
"2009-09";"KGM";"1.02104702"
"2009-09";"K1";"0.6"
"2009-09";"K2";"0.5"
"2009-09";"TLK";"-0.9"
"2009-10";"KGM";"0.85960876"
"2009-10";"K1";"0.6"
"2009-10";"K2";"0.5"
"2009-10";"TLK";"-0.8"
"2009-11";"KGM";"0.84617427"
"2009-11";"K1";"0.6"
"2009-11";"K2";"0.6"
"2009-11";"TLK";"0"
"2009-12";"KGM";"0.68637292"
"2009-12";"K1";"0.4"
"2009-12";"K2";"0.4"
"2009-12";"TLK";"0.3"
"2010-01";"KGM";"0.85907466"
"2010-01";"K1";"0.5"
"2010-01";"K2";"0.5"
"2010-01";"TLK";"1"
"2010-02";"KGM";"0.74798873"
"2010-02";"K1";"0.5"
"2010-02";"K2";"0.4"
"2010-02";"TLK";"0.9"
"2010-03";"KGM";"0.72001347"
"2010-03";"K1";"0.4"
"2010-03";"K2";"0.3"
"2010-03";"TLK";"1.4"
"2010-04";"KGM";"0.73469016"
"2010-04";"K1";"0.3"
"2010-04";"K2";"0.2"
"2010-04";"TLK";"1.4"
"2010-05";"KGM";"0.67378218"
"2010-05";"K1";"0.2"
"2010-05";"K2";"0.2"
"2010-05";"TLK";"1.1"
"2010-06";"KGM";"0.53906956"
"2010-06";"K1";"0"
"2010-06";"K2";"0"
"2010-06";"TLK";"0.5"
"2010-07";"KGM";"0.42756296"
"2010-07";"K1";"0"
"2010-07";"K2";"0"
"2010-07";"TLK";"0.4"
"2010-08";"KGM";"0.50578024"
"2010-08";"K1";"0"
"2010-08";"K2";"0.1"
"2010-08";"TLK";"0.3"
"2010-09";"KGM";"0.33403157"
"2010-09";"K1";"-0.1"
"2010-09";"K2";"-0.1"
"2010-09";"TLK";"0.3"
"2010-10";"KGM";"0.38266603"
"2010-10";"K1";"-0.2"
"2010-10";"K2";"-0.2"
"2010-10";"TLK";"0.2"
"2010-11";"KGM";"0.54648865"
"2010-11";"K1";"-0.1"
"2010-11";"K2";"0"
"2010-11";"TLK";"0.2"
"2010-12";"KGM";"0.61875618"
"2010-12";"K1";"0"
"2010-12";"K2";"0"
"2010-12";"TLK";"0.5"
"2011-01";"KGM";"0.73289904"
"2011-01";"K1";"0"
"2011-01";"K2";"-0.1"
"2011-01";"TLK";"0.3"
"2011-02";"KGM";"0.79972627"
"2011-02";"K1";"0.1"
"2011-02";"K2";"0.1"
"2011-02";"TLK";"0.5"
"2011-03";"KGM";"0.83890656"
"2011-03";"K1";"0.6"
"2011-03";"K2";"0.8"
"2011-03";"TLK";"1"
"2011-04";"KGM";"0.65240664"
"2011-04";"K1";"-0.1"
"2011-04";"K2";"-0.1"
"2011-04";"TLK";"0.3"
"2011-05";"KGM";"0.55214233"
"2011-05";"K1";"0"
"2011-05";"K2";"-0.2"
"2011-05";"TLK";"0.4"
"2011-06";"KGM";"0.63836239"
"2011-06";"K1";"0.3"
"2011-06";"K2";"0.1"
"2011-06";"TLK";"0.6"
"2011-07";"KGM";"0.64320452"
"2011-07";"K1";"0.2"
"2011-07";"K2";"0"
"2011-07";"TLK";"0.5"
"2011-08";"KGM";"0.59506738"
"2011-08";"K1";"0"
"2011-08";"K2";"-0.2"
"2011-08";"TLK";"0.2"
"2011-09";"KGM";"0.64127668"
"2011-09";"K1";"0.2"
"2011-09";"K2";"0"
"2011-09";"TLK";"0.5"
"2011-10";"KGM";"0.26281747"
"2011-10";"K1";"-0.5"
"2011-10";"K2";"-0.8"
"2011-10";"TLK";"-0.1"
"2011-11";"KGM";"0.06189153"
"2011-11";"K1";"-1"
"2011-11";"K2";"-1.4"
"2011-11";"TLK";"-0.5"
"2011-12";"KGM";"0.03509692"
"2011-12";"K1";"-1.1"
"2011-12";"K2";"-1.6"
"2011-12";"TLK";"-0.7"
"2012-01";"KGM";"-0.0100558"
"2012-01";"K1";"-1"
"2012-01";"K2";"-1.4"
"2012-01";"TLK";"-0.8"
"2012-02";"KGM";"-0.06771418"
"2012-02";"K1";"-1.2"
"2012-02";"K2";"-1.6"
"2012-02";"TLK";"-0.9"
"2012-03";"KGM";"-0.1020068"
"2012-03";"K1";"-1.2"
"2012-03";"K2";"-1.6"
"2012-03";"TLK";"-1"
"2012-04";"KGM";"-0.13344413"
"2012-04";"K1";"-1.2"
"2012-04";"K2";"-1.5"
"2012-04";"TLK";"-1"
"2012-05";"KGM";"-0.11826629"
"2012-05";"K1";"-1.2"
"2012-05";"K2";"-1.5"
"2012-05";"TLK";"-1"
"2012-06";"KGM";"-0.14077244"
"2012-06";"K1";"-1.2"
"2012-06";"K2";"-1.6"
"2012-06";"TLK";"-1.1"
"2012-07";"KGM";"0.01678971"
"2012-07";"K1";"-1"
"2012-07";"K2";"-1.4"
"2012-07";"TLK";"-0.7"
"2012-08";"KGM";"-0.13072214"
"2012-08";"K1";"-1.1"
"2012-08";"K2";"-1.4"
"2012-08";"TLK";"-0.5"
"2012-09";"KGM";"-0.12795419"
"2012-09";"K1";"-1"
"2012-09";"K2";"-1.3"
"2012-09";"TLK";"-0.4"
"2012-10";"KGM";"-0.03740486"
"2012-10";"K1";"-0.8"
"2012-10";"K2";"-1"
"2012-10";"TLK";"-0.2"
"2012-11";"KGM";"-0.11475948"
"2012-11";"K1";"-0.6"
"2012-11";"K2";"-0.7"
"2012-11";"TLK";"-0.4"
"2012-12";"KGM";"-0.16536455"
"2012-12";"K1";"-0.6"
"2012-12";"K2";"-0.7"
"2012-12";"TLK";"-0.4"
"2013-01";"KGM";"-0.01426327"
"2013-01";"K1";"-0.4"
"2013-01";"K2";"-0.5"
"2013-01";"TLK";"-0.3"
"2013-02";"KGM";"0.00118285"
"2013-02";"K1";"-0.4"
"2013-02";"K2";"-0.5"
"2013-02";"TLK";"-0.3"
"2013-03";"KGM";"-0.09096333"
"2013-03";"K1";"-0.6"
"2013-03";"K2";"-0.7"
"2013-03";"TLK";"-0.6"
"2013-04";"KGM";"-0.18810336"
"2013-04";"K1";"-0.6"
"2013-04";"K2";"-0.7"
"2013-04";"TLK";"-0.6"
"2013-05";"KGM";"-0.06895678"
"2013-05";"K1";"-0.4"
"2013-05";"K2";"-0.5"
"2013-05";"TLK";"-0.5"
"2013-06";"KGM";"0.12599183"
"2013-06";"K1";"-0.2"
"2013-06";"K2";"-0.3"
"2013-06";"TLK";"-0.1"
"2013-07";"KGM";"0.21618335"
"2013-07";"K1";"-0.2"
"2013-07";"K2";"-0.3"
"2013-07";"TLK";"0"
"2013-08";"KGM";"0.23902013"
"2013-08";"K1";"0"
"2013-08";"K2";"-0.1"
"2013-08";"TLK";"0"
"2013-09";"KGM";"0.24643007"
"2013-09";"K1";"-0.1"
"2013-09";"K2";"-0.1"
"2013-09";"TLK";"-0.1"
"2013-10";"KGM";"0.20222646"
"2013-10";"K1";"-0.1"
"2013-10";"K2";"-0.1"
"2013-10";"TLK";"-0.3"
"2013-11";"KGM";"0.34400304"
"2013-11";"K1";"0.1"
"2013-11";"K2";"0.1"
"2013-11";"TLK";"0.1"
"2013-12";"KGM";"0.3878722"
"2013-12";"K1";"0"
"2013-12";"K2";"0.2"
"2013-12";"TLK";"0.1"
"2014-01";"KGM";"0.43326138"
"2014-01";"K1";"-0.1"
"2014-01";"K2";"0.2"
"2014-01";"TLK";"0.1"
"2014-02";"KGM";"0.36713622"
"2014-02";"K1";"-0.1"
"2014-02";"K2";"0.2"
"2014-02";"TLK";"-0.1"
"2014-03";"KGM";"0.50032313"
"2014-03";"K1";"0.1"
"2014-03";"K2";"0.4"
"2014-03";"TLK";"0"
"2014-04";"KGM";"0.45845691"
"2014-04";"K1";"0"
"2014-04";"K2";"0.3"
"2014-04";"TLK";"0"
"2014-05";"KGM";"0.46762716"
"2014-05";"K1";"0.1"
"2014-05";"K2";"0.4"
"2014-05";"TLK";"0.2"
"2014-06";"KGM";"0.36762356"
"2014-06";"K1";"0"
"2014-06";"K2";"0.2"
"2014-06";"TLK";"0"
"2014-07";"KGM";"0.36663993"
"2014-07";"K1";"0.1"
"2014-07";"K2";"0.4"
"2014-07";"TLK";"0"
"2014-08";"KGM";"0.31873134"
"2014-08";"K1";"0.1"
"2014-08";"K2";"0.5"
"2014-08";"TLK";"0.1"
"2014-09";"KGM";"0.28672484"
"2014-09";"K1";"0"
"2014-09";"K2";"0.3"
"2014-09";"TLK";"-0.1"
"2014-10";"KGM";"0.35445046"
"2014-10";"K1";"0.1"
"2014-10";"K2";"0.5"
"2014-10";"TLK";"0"
"2014-11";"KGM";"0.21274419"
"2014-11";"K1";"0.1"
"2014-11";"K2";"0.4"
"2014-11";"TLK";"-0.1"
"2014-12";"KGM";"0.29070486"
"2014-12";"K1";"0.3"
"2014-12";"K2";"0.4"
"2014-12";"TLK";"-0.3"
"2015-01";"KGM";"0.32089007"
"2015-01";"K1";"0.4"
"2015-01";"K2";"0.5"
"2015-01";"TLK";"-0.5"
"2015-02";"KGM";"0.09191769"
"2015-02";"K1";"0"
"2015-02";"K2";"0"
"2015-02";"TLK";"-0.8"
"2015-03";"KGM";"-0.12898238"
"2015-03";"K1";"-0.2"
"2015-03";"K2";"-0.2"
"2015-03";"TLK";"-0.9"
"2015-04";"KGM";"-0.26355057"
"2015-04";"K1";"-0.4"
"2015-04";"K2";"-0.6"
"2015-04";"TLK";"-1.1"
"2015-05";"KGM";"-0.36251683"
"2015-05";"K1";"-0.6"
"2015-05";"K2";"-0.7"
"2015-05";"TLK";"-1.2"
"2015-06";"KGM";"-0.26927361"
"2015-06";"K1";"-0.4"
"2015-06";"K2";"-0.4"
"2015-06";"TLK";"-1"
"2015-07";"KGM";"-0.39342453"
"2015-07";"K1";"-0.6"
"2015-07";"K2";"-0.7"
"2015-07";"TLK";"-1.3"
"2015-08";"KGM";"-0.57186458"
"2015-08";"K1";"-0.7"
"2015-08";"K2";"-0.9"
"2015-08";"TLK";"-1.4"
"2015-09";"KGM";"-0.59866126"
"2015-09";"K1";"-0.7"
"2015-09";"K2";"-0.8"
"2015-09";"TLK";"-1.4"
"2015-10";"KGM";"-0.64958161"
"2015-10";"K1";"-0.8"
"2015-10";"K2";"-1"
"2015-10";"TLK";"-1.4"
"2015-11";"KGM";"-0.75135562"
"2015-11";"K1";"-1"
"2015-11";"K2";"-1.1"
"2015-11";"TLK";"-1.4"
"2015-12";"KGM";"-0.67445634"
"2015-12";"K1";"-0.9"
"2015-12";"K2";"-1"
"2015-12";"TLK";"-1.3"
"2016-01";"KGM";"-0.65385845"
"2016-01";"K1";"-0.9"
"2016-01";"K2";"-1"
"2016-01";"TLK";"-1.3"
"2016-02";"KGM";"-0.30311314"
"2016-02";"K1";"-0.5"
"2016-02";"K2";"-0.5"
"2016-02";"TLK";"-0.8"
"2016-03";"KGM";"-0.30992135"
"2016-03";"K1";"-0.5"
"2016-03";"K2";"-0.5"
"2016-03";"TLK";"-0.9"
"2016-04";"KGM";"-0.14743699"
"2016-04";"K1";"0"
"2016-04";"K2";"0.1"
"2016-04";"TLK";"-0.4"
"2016-05";"KGM";"-0.25470997"
"2016-05";"K1";"-0.1"
"2016-05";"K2";"0"
"2016-05";"TLK";"-0.4"
"2016-06";"KGM";"-0.25184878"
"2016-06";"K1";"-0.2"
"2016-06";"K2";"-0.2"
"2016-06";"TLK";"-0.4"
"2016-07";"KGM";"-0.18752193"
"2016-07";"K1";"0"
"2016-07";"K2";"0.1"
"2016-07";"TLK";"-0.2"
"2016-08";"KGM";"-0.15383541"
"2016-08";"K1";"0"
"2016-08";"K2";"0.2"
"2016-08";"TLK";"-0.1"
"2016-09";"KGM";"-0.22019157"
"2016-09";"K1";"-0.1"
"2016-09";"K2";"0"
"2016-09";"TLK";"-0.2"
"2016-10";"KGM";"-0.09436855"
"2016-10";"K1";"-0.3"
"2016-10";"K2";"-0.1"
"2016-10";"TLK";"-0.2"
"2016-11";"KGM";"0.06016252"
"2016-11";"K1";"-0.3"
"2016-11";"K2";"-0.2"
"2016-11";"TLK";"-0.3"
"2016-12";"KGM";"0.09056124"
"2016-12";"K1";"-0.3"
"2016-12";"K2";"-0.3"
"2016-12";"TLK";"0"
"2017-01";"KGM";"0.18222839"
"2017-01";"K1";"-0.2"
"2017-01";"K2";"-0.2"
"2017-01";"TLK";"0.3"
"2017-02";"KGM";"0.20515886"
"2017-02";"K1";"-0.1"
"2017-02";"K2";"0"
"2017-02";"TLK";"0.6"
"2017-03";"KGM";"0.16482857"
"2017-03";"K1";"0.1"
"2017-03";"K2";"0.2"
"2017-03";"TLK";"0.6"
"2017-04";"KGM";"0.24595037"
"2017-04";"K1";"0.1"
"2017-04";"K2";"0.2"
"2017-04";"TLK";"0.4"
"2017-05";"KGM";"0.35404322"
"2017-05";"K1";"0.2"
"2017-05";"K2";"0.4"
"2017-05";"TLK";"0.5"
"2017-06";"KGM";"0.24160816"
"2017-06";"K1";"0.2"
"2017-06";"K2";"0.4"
"2017-06";"TLK";"0.2"
"2017-07";"KGM";"0.36837825"
"2017-07";"K1";"0.3"
"2017-07";"K2";"0.5"
"2017-07";"TLK";"0.3"
"2017-08";"KGM";"0.39782666"
"2017-08";"K1";"0.4"
"2017-08";"K2";"0.5"
"2017-08";"TLK";"0.5"
"2017-09";"KGM";"0.51744271"
"2017-09";"K1";"0.5"
"2017-09";"K2";"0.6"
"2017-09";"TLK";"0.7"
"2017-10";"KGM";"0.54862605"
"2017-10";"K1";"0.5"
"2017-10";"K2";"0.7"
"2017-10";"TLK";"0.7"
"2017-11";"KGM";"0.47287261"
"2017-11";"K1";"0.6"
"2017-11";"K2";"0.8"
"2017-11";"TLK";"0.8"
"2017-12";"KGM";"0.4903093"
"2017-12";"K1";"0.7"
"2017-12";"K2";"1"
"2017-12";"TLK";"0.8"
"2018-01";"KGM";"0.52696896"
"2018-01";"K1";"0.5"
"2018-01";"K2";"0.8"
"2018-01";"TLK";"0.7"
"2018-02";"KGM";"0.4020805"
"2018-02";"K1";"0.5"
"2018-02";"K2";"0.8"
"2018-02";"TLK";"0.6"
"2018-03";"KGM";"0.56427614"
"2018-03";"K1";"0.6"
"2018-03";"K2";"1"
"2018-03";"TLK";"0.8"
"2018-04";"KGM";"0.53542546"
"2018-04";"K1";"0.5"
"2018-04";"K2";"0.9"
"2018-04";"TLK";"0.8"
"2018-05";"KGM";"0.46718879"
"2018-05";"K1";"0.4"
"2018-05";"K2";"0.9"
"2018-05";"TLK";"1"
"2018-06";"KGM";"0.50588191"
"2018-06";"K1";"0.5"
"2018-06";"K2";"0.9"
"2018-06";"TLK";"1.1"
"2018-07";"KGM";"0.59635179"
"2018-07";"K1";"0.5"
"2018-07";"K2";"0.9"
"2018-07";"TLK";"1.2"
"2018-08";"KGM";"0.60055593"
"2018-08";"K1";"0.5"
"2018-08";"K2";"0.9"
"2018-08";"TLK";"1.2"
"2018-09";"KGM";"0.56309496"
"2018-09";"K1";"0.4"
"2018-09";"K2";"0.7"
"2018-09";"TLK";"1"
"2018-10";"KGM";"0.64289299"
"2018-10";"K1";"0.4"
"2018-10";"K2";"0.8"
"2018-10";"TLK";"1.1"
"2018-11";"KGM";"0.46678969"
"2018-11";"K1";"0.2"
"2018-11";"K2";"0.5"
"2018-11";"TLK";"0.9"
"2018-12";"KGM";"0.4560362"
"2018-12";"K1";"0.3"
"2018-12";"K2";"0.6"
"2018-12";"TLK";"0.7"
"2019-01";"KGM";"0.44109106"
"2019-01";"K1";"0.5"
"2019-01";"K2";"0.8"
"2019-01";"TLK";"0.6"
"2019-02";"KGM";"0.43533364"
"2019-02";"K1";"0.4"
"2019-02";"K2";"0.8"
"2019-02";"TLK";"0.6"
"2019-03";"KGM";"0.48070838"
"2019-03";"K1";"0.5"
"2019-03";"K2";"0.8"
"2019-03";"TLK";"0.7"
"2019-04";"KGM";"0.59422647"
"2019-04";"K1";"0.5"
"2019-04";"K2";"0.8"
"2019-04";"TLK";"0.7"
"2019-05";"KGM";"0.43977442"
"2019-05";"K1";"0.6"
"2019-05";"K2";"0.9"
"2019-05";"TLK";"0.6"
"2019-06";"KGM";"0.42937538"
"2019-06";"K1";"0.7"
"2019-06";"K2";"1.1"
"2019-06";"TLK";"0.6"
"2019-07";"KGM";"0.30348091"
"2019-07";"K1";"0.4"
"2019-07";"K2";"0.7"
"2019-07";"TLK";"0.3"
"2019-08";"KGM";"0.31197352"
"2019-08";"K1";"0.4"
"2019-08";"K2";"0.7"
"2019-08";"TLK";"0.3"
"2019-09";"KGM";"0.24008812"
"2019-09";"K1";"0.4"
"2019-09";"K2";"0.7"
"2019-09";"TLK";"0.1"
"2019-10";"KGM";"0.13589598"
"2019-10";"K1";"0.2"
"2019-10";"K2";"0.4"
"2019-10";"TLK";"-0.3"
"2019-11";"KGM";"0.28351734"
"2019-11";"K1";"0.4"
"2019-11";"K2";"0.7"
"2019-11";"TLK";"-0.1"
"2019-12";"KGM";"0.30944789"
"2019-12";"K1";"0.4"
"2019-12";"K2";"0.7"
"2019-12";"TLK";"0.2"
"2020-01";"KGM";"0.2662604"
"2020-01";"K1";"0.2"
"2020-01";"K2";"0.6"
"2020-01";"TLK";"0.2"
"2020-02";"KGM";"0.27061818"
"2020-02";"K1";"0.2"
"2020-02";"K2";"0.5"
"2020-02";"TLK";"-0.1"
"2020-03";"KGM";"0.17999072"
"2020-03";"K1";"-0.1"
"2020-03";"K2";"0.2"
"2020-03";"TLK";"-0.5"
"2020-04";"KGM";"0.10949084"
"2020-04";"K1";"-0.5"
"2020-04";"K2";"-0.4"
"2020-04";"TLK";"-1.1"
"2020-05";"KGM";"0.07140279"
"2020-05";"K1";"-0.6"
"2020-05";"K2";"-0.6"
"2020-05";"TLK";"-1.3"
"2020-06";"KGM";"0.09941438"
"2020-06";"K1";"-0.8"
"2020-06";"K2";"-0.7"
"2020-06";"TLK";"-1.3"
"2020-07";"KGM";"0.0903234"
"2020-07";"K1";"-0.4"
"2020-07";"K2";"-0.2"
"2020-07";"TLK";"-0.9"
"2020-08";"KGM";"0.07033207"
"2020-08";"K1";"-0.4"
"2020-08";"K2";"-0.2"
"2020-08";"TLK";"-0.9"
"2020-09";"KGM";"0.08772413"
"2020-09";"K1";"-0.3"
"2020-09";"K2";"-0.1"
"2020-09";"TLK";"-0.8"
"2020-10";"KGM";"0.19148915"
"2020-10";"K1";"-0.1"
"2020-10";"K2";"0.1"
"2020-10";"TLK";"-0.6"
"2020-11";"KGM";"0.03006192"
"2020-11";"K1";"-0.2"
"2020-11";"K2";"0"
"2020-11";"TLK";"-0.7"
"2020-12";"KGM";"-0.08424698"
"2020-12";"K1";"-0.4"
"2020-12";"K2";"-0.2"
"2020-12";"TLK";"-0.8"
"2021-01";"KGM";"0.14250726"
"2021-01";"K1";"0"
"2021-01";"K2";"0.1"
"2021-01";"TLK";"-0.5"
"2021-02";"KGM";"0.15754526"
"2021-02";"K1";"-0.3"
"2021-02";"K2";"-0.3"
"2021-02";"TLK";"-0.5"
"2021-03";"KGM";"0.1468709"
"2021-03";"K1";"-0.4"
"2021-03";"K2";"-0.4"
"2021-03";"TLK";"-0.2"
"2021-04";"KGM";"0.22582938"
"2021-04";"K1";"0"
"2021-04";"K2";"0.2"
"2021-04";"TLK";"0.3"
"2021-05";"KGM";"0.33694241"
"2021-05";"K1";"0.2"
"2021-05";"K2";"0.4"
"2021-05";"TLK";"0.6"
"2021-06";"KGM";"0.35973744"
"2021-06";"K1";"0.3"
"2021-06";"K2";"0.4"
"2021-06";"TLK";"0.6"
"2021-07";"KGM";"0.35395999"
"2021-07";"K1";"0.2"
"2021-07";"K2";"0.4"
"2021-07";"TLK";"0.7"
"2021-08";"KGM";"0.56199124"
"2021-08";"K1";"0.4"
"2021-08";"K2";"0.7"
"2021-08";"TLK";"0.9"
"2021-09";"KGM";"0.54681692"
"2021-09";"K1";"0.5"
"2021-09";"K2";"0.7"
"2021-09";"TLK";"0.9"
"2021-10";"KGM";"0.6247713"
"2021-10";"K1";"0.6"
"2021-10";"K2";"0.9"
"2021-10";"TLK";"1.2"
"2021-11";"KGM";"0.69679477"
"2021-11";"K1";"0.7"
"2021-11";"K2";"1.1"
"2021-11";"TLK";"1.5"
"2021-12";"KGM";"0.7402233"
"2021-12";"K1";"0.8"
"2021-12";"K2";"1.2"
"2021-12";"TLK";"1.5"
"2022-01";"KGM";"0.7745856"
"2022-01";"K1";"0.8"
"2022-01";"K2";"1.2"
"2022-01";"TLK";"1.6"
"2022-02";"KGM";"0.96665633"
"2022-02";"K1";"1.3"
"2022-02";"K2";"1.9"
"2022-02";"TLK";"2.2"
"2022-03";"KGM";"1.07007039"
"2022-03";"K1";"1.4"
"2022-03";"K2";"2"
"2022-03";"TLK";"2.4"
"2022-04";"KGM";"1.07332932"
"2022-04";"K1";"1.5"
"2022-04";"K2";"2.1"
"2022-04";"TLK";"2.5"
"2022-05";"KGM";"1.33192902"
"2022-05";"K1";"1.7"
"2022-05";"K2";"2.5"
"2022-05";"TLK";"2.9"
"2022-06";"KGM";"1.40405319"
"2022-06";"K1";"1.9"
"2022-06";"K2";"2.7"
"2022-06";"TLK";"3.4"
"2022-07";"KGM";"1.45004085"
"2022-07";"K1";"2"
"2022-07";"K2";"2.8"
"2022-07";"TLK";"3.4"
"2022-08";"KGM";"1.67346013"
"2022-08";"K1";"2"
"2022-08";"K2";"2.8"
"2022-08";"TLK";"3.5"
"2022-09";"KGM";"1.7638673"
"2022-09";"K1";"2"
"2022-09";"K2";"2.7"
"2022-09";"TLK";"3.3"
"2022-10";"KGM";"1.80035309"
"2022-10";"K1";"1.8"
"2022-10";"K2";"2.5"
"2022-10";"TLK";"3"
"2022-11";"KGM";"1.93582846"
"2022-11";"K1";"1.9"
"2022-11";"K2";"2.6"
"2022-11";"TLK";"3"
"2022-12";"KGM";"1.86153136"
"2022-12";"K1";"2"
"2022-12";"K2";"2.7"
"2022-12";"TLK";"2.8"
"2023-01";"KGM";"2.20939368"
"2023-01";"K1";"2.2"
"2023-01";"K2";"2.9"
"2023-01";"TLK";"3.3"
"2023-02";"KGM";"2.26239062"
"2023-02";"K1";"2.4"
"2023-02";"K2";"3.2"
"2023-02";"TLK";"3.4"
"2023-03";"KGM";"1.84489256"
"2023-03";"K1";"2.2"
"2023-03";"K2";"3"
"2023-03";"TLK";"2.9"
"2023-04";"KGM";"1.74819813"
"2023-04";"K1";"2.2"
"2023-04";"K2";"2.9"
"2023-04";"TLK";"2.6"
"2023-05";"KGM";"1.63086265"
"2023-05";"K1";"1.9"
"2023-05";"K2";"2.6"
"2023-05";"TLK";"2.2"
"2023-06";"KGM";"1.57863307"
"2023-06";"K1";"1.8"
"2023-06";"K2";"2.3"
"2023-06";"TLK";"1.7"
"2023-07";"KGM";"1.49975215"
"2023-07";"K1";"1.7"
"2023-07";"K2";"2.3"
"2023-07";"TLK";"1.6"
"2023-08";"KGM";"1.356964"
"2023-08";"K1";"1.5"
"2023-08";"K2";"2"
"2023-08";"TLK";"1.6"
"2023-09";"KGM";"1.32702086"
"2023-09";"K1";"1.3"
"2023-09";"K2";"1.8"
"2023-09";"TLK";"1.7"
"2023-10";"KGM";"1.28638046"
"2023-10";"K1";"1.5"
"2023-10";"K2";"2.1"
"2023-10";"TLK";"1.7"
"2023-11";"KGM";"1.33511975"
"2023-11";"K1";"1.4"
"2023-11";"K2";"1.9"
"2023-11";"TLK";"1.4"
"2023-12";"KGM";"1.45702465"
"2023-12";"K1";"1.5"
"2023-12";"K2";"2"
"2023-12";"TLK";"1.7"
"2024-01";"KGM";"1.39271312"
"2024-01";"K1";"1.2"
"2024-01";"K2";"1.5"
"2024-01";"TLK";"1.3"
"2024-02";"KGM";"1.24040404"
"2024-02";"K1";"1.1"
"2024-02";"K2";"1.4"
"2024-02";"TLK";"1.2"
"2024-03";"KGM";"1.15645803"
"2024-03";"K1";"1"
"2024-03";"K2";"1.3"
"2024-03";"TLK";"1"
"2024-04";"KGM";"1.32168166"
"2024-04";"K1";"1.2"
"2024-04";"K2";"1.5"
"2024-04";"TLK";"1.4"
"2024-05";"KGM";"1.36656817"
"2024-05";"K1";"1.2"
"2024-05";"K2";"1.5"
"2024-05";"TLK";"1.4"
"2024-06";"KGM";"1.33646382"
"2024-06";"K1";"1.1"
"2024-06";"K2";"1.4"
"2024-06";"TLK";"1.3"
"2024-07";"KGM";"1.39100532"
"2024-07";"K1";"1.1"
"2024-07";"K2";"1.4"
"2024-07";"TLK";"1.3"
